asset_id,destination_resource,scene_path,node_path,instance_count,quality_profile,lod,collision,disposition
bh_villa_ac_unit_01,assets/environment/architecture/villas/bh_villa_ac_unit_01_lod0.glb,res://scenes/world.tscn,World/AssetLab/VillaDistrict,1,balanced,0,simplified_box,integrated_runtime
bh_villa_balcony_01,assets/environment/architecture/villas/bh_villa_balcony_01_lod0.glb,res://scenes/world.tscn,World/AssetLab/VillaDistrict,1,balanced,0,simplified_box,integrated_runtime
bh_villa_boundary_wall_01,assets/environment/architecture/villas/bh_villa_boundary_wall_01_lod0.glb,res://scenes/world.tscn,World/AssetLab/VillaDistrict,1,balanced,0,simplified_box,integrated_runtime
bh_villa_canopy_01,assets/environment/architecture/villas/bh_villa_canopy_01_lod0.glb,res://scenes/world.tscn,World/AssetLab/VillaDistrict,1,balanced,0,simplified_box,integrated_runtime
bh_villa_column_01,assets/environment/architecture/villas/bh_villa_column_01_lod0.glb,res://scenes/world.tscn,World/AssetLab/VillaDistrict,1,balanced,0,simplified_box,integrated_runtime
bh_villa_corner_01,assets/environment/architecture/villas/bh_villa_corner_01_lod0.glb,res://scenes/world.tscn,World/AssetLab/VillaDistrict,1,balanced,0,simplified_box,integrated_runtime
bh_villa_driveway_01,assets/environment/architecture/villas/bh_villa_driveway_01_lod0.glb,res://scenes/world.tscn,World/AssetLab/VillaDistrict,1,balanced,0,simplified_box,integrated_runtime
bh_villa_garage_opening_01,assets/environment/architecture/villas/bh_villa_garage_opening_01_lod0.glb,res://scenes/world.tscn,World/AssetLab/VillaDistrict,1,balanced,0,simplified_box,integrated_runtime
bh_villa_gate_pedestrian_01,assets/environment/architecture/villas/bh_villa_gate_pedestrian_01_lod0.glb,res://scenes/world.tscn,World/AssetLab/VillaDistrict,1,balanced,0,simplified_box,integrated_runtime
bh_villa_gate_vehicle_01,assets/environment/architecture/villas/bh_villa_gate_vehicle_01_lod0.glb,res://scenes/world.tscn,World/AssetLab/VillaDistrict,1,balanced,0,simplified_box,integrated_runtime
bh_villa_parapet_01,assets/environment/architecture/villas/bh_villa_parapet_01_lod0.glb,res://scenes/world.tscn,World/AssetLab/VillaDistrict,1,balanced,0,simplified_box,integrated_runtime
bh_villa_roof_edge_01,assets/environment/architecture/villas/bh_villa_roof_edge_01_lod0.glb,res://scenes/world.tscn,World/AssetLab/VillaDistrict,1,balanced,0,simplified_box,integrated_runtime
bh_villa_satellite_dish_01,assets/environment/architecture/villas/bh_villa_satellite_dish_01_lod0.glb,res://scenes/world.tscn,World/AssetLab/VillaDistrict,1,balanced,0,simplified_box,integrated_runtime
bh_villa_stair_01,assets/environment/architecture/villas/bh_villa_stair_01_lod0.glb,res://scenes/world.tscn,World/AssetLab/VillaDistrict,1,balanced,0,simplified_box,integrated_runtime
bh_villa_wall_door_01,assets/environment/architecture/villas/bh_villa_wall_door_01_lod0.glb,res://scenes/world.tscn,World/AssetLab/VillaDistrict,1,balanced,0,simplified_box,integrated_runtime
bh_villa_wall_solid_01,assets/environment/architecture/villas/bh_villa_wall_solid_01_lod0.glb,res://scenes/world.tscn,World/AssetLab/VillaDistrict,1,balanced,0,simplified_box,integrated_runtime
bh_villa_wall_window_01,assets/environment/architecture/villas/bh_villa_wall_window_01_lod0.glb,res://scenes/world.tscn,World/AssetLab/VillaDistrict,1,balanced,0,simplified_box,integrated_runtime
bh_villa_water_tank_01,assets/environment/architecture/villas/bh_villa_water_tank_01_lod0.glb,res://scenes/world.tscn,World/AssetLab/VillaDistrict,1,balanced,0,simplified_box,integrated_runtime
bh_quarantine_generic_buildings->bh_cr_building_block_01,assets/environment/architecture/commercial/bh_cr_building_block_01_lod0.glb,res://scenes/world.tscn,World/AssetLab/CommercialDistrict,1,balanced,0,simplified_box,integrated_canonicalized
inherited_generic_skyscrapers->bh_cr_skyscraper_tower_01,assets/environment/architecture/waterfront/bh_cr_skyscraper_tower_01_lod0.glb,res://scenes/world.tscn,World/AssetLab/WaterfrontDistrict,1,balanced,0,simplified_box,integrated_canonicalized
inherited_generic_cars->bh_cr_vehicle_sedan_01,assets/vehicles/clean_room/bh_cr_vehicle_sedan_01_lod0.glb,res://scenes/world.tscn,World/AssetLab/CommercialDistrict,1,balanced,0,simplified_box,integrated_canonicalized
bh_quarantine_palms->bh_cr_date_palm_01,assets/environment/vegetation/bh_cr_date_palm_01_lod0.glb,res://scenes/world.tscn,World/AssetLab/WaterfrontDistrict,1,balanced,0,simplified_box,integrated_canonicalized
bh_quarantine_trees->bh_cr_shade_tree_01,assets/environment/vegetation/bh_cr_shade_tree_01_lod0.glb,res://scenes/world.tscn,World/AssetLab/TraditionalDistrict,1,balanced,0,simplified_box,integrated_canonicalized
bh_quarantine_nature_props->bh_cr_desert_planter_01,assets/props/street/bh_cr_desert_planter_01_lod0.glb,res://scenes/world.tscn,World/AssetLab/SouqDistrict,1,balanced,0,simplified_box,integrated_canonicalized
bh_quarantine_roads->bh_cr_road_straight_01,assets/environment/roads/bh_cr_road_straight_01_lod0.glb,res://scenes/world.tscn,World/AssetLab/RoadNetwork,1,balanced,0,simplified_box,integrated_canonicalized
inherited_flexible_toon->bh_cr_mobile_toon_shader_01,assets/shaders/bh_cr_mobile_toon_shader_01.gdshader,res://scenes/world.tscn,World/AssetLab,1,shared_mobile,n/a,n/a,integrated_canonicalized
bh_traditional_ac_screen_01,assets/environment/architecture/traditional/bh_traditional_ac_screen_01_lod0.glb,res://scenes/world.tscn,World/AssetLab/TraditionalDistrict,1,balanced,0,simplified_box,integrated_runtime
bh_traditional_alley_arch_01,assets/environment/architecture/traditional/bh_traditional_alley_arch_01_lod0.glb,res://scenes/world.tscn,World/AssetLab/TraditionalDistrict,1,balanced,0,simplified_box,integrated_runtime
bh_traditional_bench_01,assets/environment/architecture/traditional/bh_traditional_bench_01_lod0.glb,res://scenes/world.tscn,World/AssetLab/TraditionalDistrict,1,balanced,0,simplified_box,integrated_runtime
bh_traditional_courtyard_hint_01,assets/environment/architecture/traditional/bh_traditional_courtyard_hint_01_lod0.glb,res://scenes/world.tscn,World/AssetLab/TraditionalDistrict,1,balanced,0,simplified_box,integrated_runtime
bh_traditional_parapet_01,assets/environment/architecture/traditional/bh_traditional_parapet_01_lod0.glb,res://scenes/world.tscn,World/AssetLab/TraditionalDistrict,1,balanced,0,simplified_box,integrated_runtime
bh_traditional_party_wall_01,assets/environment/architecture/traditional/bh_traditional_party_wall_01_lod0.glb,res://scenes/world.tscn,World/AssetLab/TraditionalDistrict,1,balanced,0,simplified_box,integrated_runtime
bh_traditional_projecting_window_01,assets/environment/architecture/traditional/bh_traditional_projecting_window_01_lod0.glb,res://scenes/world.tscn,World/AssetLab/TraditionalDistrict,1,balanced,0,simplified_box,integrated_runtime
bh_traditional_roof_tank_01,assets/environment/architecture/traditional/bh_traditional_roof_tank_01_lod0.glb,res://scenes/world.tscn,World/AssetLab/TraditionalDistrict,1,balanced,0,simplified_box,integrated_runtime
bh_traditional_shade_canopy_01,assets/environment/architecture/traditional/bh_traditional_shade_canopy_01_lod0.glb,res://scenes/world.tscn,World/AssetLab/TraditionalDistrict,1,balanced,0,simplified_box,integrated_runtime
bh_traditional_shop_bay_01,assets/environment/architecture/traditional/bh_traditional_shop_bay_01_lod0.glb,res://scenes/world.tscn,World/AssetLab/TraditionalDistrict,1,balanced,0,simplified_box,integrated_runtime
bh_traditional_timber_door_01,assets/environment/architecture/traditional/bh_traditional_timber_door_01_lod0.glb,res://scenes/world.tscn,World/AssetLab/TraditionalDistrict,1,balanced,0,simplified_box,integrated_runtime
bh_traditional_traditional_lamp_01,assets/environment/architecture/traditional/bh_traditional_traditional_lamp_01_lod0.glb,res://scenes/world.tscn,World/AssetLab/TraditionalDistrict,1,balanced,0,simplified_box,integrated_runtime
bh_traditional_utility_cable_01,assets/environment/architecture/traditional/bh_traditional_utility_cable_01_lod0.glb,res://scenes/world.tscn,World/AssetLab/TraditionalDistrict,1,balanced,0,simplified_box,integrated_runtime
bh_traditional_vent_panel_01,assets/environment/architecture/traditional/bh_traditional_vent_panel_01_lod0.glb,res://scenes/world.tscn,World/AssetLab/TraditionalDistrict,1,balanced,0,simplified_box,integrated_runtime
bh_souq_awning_01,assets/environment/architecture/souq/bh_souq_awning_01_lod0.glb,res://scenes/world.tscn,World/AssetLab/SouqDistrict,1,balanced,0,simplified_box,integrated_runtime
bh_souq_covered_passage_01,assets/environment/architecture/souq/bh_souq_covered_passage_01_lod0.glb,res://scenes/world.tscn,World/AssetLab/SouqDistrict,1,balanced,0,simplified_box,integrated_runtime
bh_souq_crate_set_01,assets/environment/architecture/souq/bh_souq_crate_set_01_lod0.glb,res://scenes/world.tscn,World/AssetLab/SouqDistrict,1,balanced,0,simplified_box,integrated_runtime
bh_souq_delivery_door_01,assets/environment/architecture/souq/bh_souq_delivery_door_01_lod0.glb,res://scenes/world.tscn,World/AssetLab/SouqDistrict,1,balanced,0,simplified_box,integrated_runtime
bh_souq_display_table_01,assets/environment/architecture/souq/bh_souq_display_table_01_lod0.glb,res://scenes/world.tscn,World/AssetLab/SouqDistrict,1,balanced,0,simplified_box,integrated_runtime
bh_souq_shop_bakery_01,assets/environment/architecture/souq/bh_souq_shop_bakery_01_lod0.glb,res://scenes/world.tscn,World/AssetLab/SouqDistrict,1,balanced,0,simplified_box,integrated_runtime
bh_souq_shop_cafe_01,assets/environment/architecture/souq/bh_souq_shop_cafe_01_lod0.glb,res://scenes/world.tscn,World/AssetLab/SouqDistrict,1,balanced,0,simplified_box,integrated_runtime
bh_souq_shop_electronics_01,assets/environment/architecture/souq/bh_souq_shop_electronics_01_lod0.glb,res://scenes/world.tscn,World/AssetLab/SouqDistrict,1,balanced,0,simplified_box,integrated_runtime
bh_souq_shop_fabric_01,assets/environment/architecture/souq/bh_souq_shop_fabric_01_lod0.glb,res://scenes/world.tscn,World/AssetLab/SouqDistrict,1,balanced,0,simplified_box,integrated_runtime
bh_souq_shop_gold_01,assets/environment/architecture/souq/bh_souq_shop_gold_01_lod0.glb,res://scenes/world.tscn,World/AssetLab/SouqDistrict,1,balanced,0,simplified_box,integrated_runtime
bh_souq_shop_grocery_01,assets/environment/architecture/souq/bh_souq_shop_grocery_01_lod0.glb,res://scenes/world.tscn,World/AssetLab/SouqDistrict,1,balanced,0,simplified_box,integrated_runtime
bh_souq_shop_perfume_01,assets/environment/architecture/souq/bh_souq_shop_perfume_01_lod0.glb,res://scenes/world.tscn,World/AssetLab/SouqDistrict,1,balanced,0,simplified_box,integrated_runtime
bh_souq_shop_souvenir_01,assets/environment/architecture/souq/bh_souq_shop_souvenir_01_lod0.glb,res://scenes/world.tscn,World/AssetLab/SouqDistrict,1,balanced,0,simplified_box,integrated_runtime
bh_souq_shop_spice_01,assets/environment/architecture/souq/bh_souq_shop_spice_01_lod0.glb,res://scenes/world.tscn,World/AssetLab/SouqDistrict,1,balanced,0,simplified_box,integrated_runtime
bh_souq_shop_tailor_01,assets/environment/architecture/souq/bh_souq_shop_tailor_01_lod0.glb,res://scenes/world.tscn,World/AssetLab/SouqDistrict,1,balanced,0,simplified_box,integrated_runtime
bh_souq_shop_toy_01,assets/environment/architecture/souq/bh_souq_shop_toy_01_lod0.glb,res://scenes/world.tscn,World/AssetLab/SouqDistrict,1,balanced,0,simplified_box,integrated_runtime
bh_souq_shutter_01,assets/environment/architecture/souq/bh_souq_shutter_01_lod0.glb,res://scenes/world.tscn,World/AssetLab/SouqDistrict,1,balanced,0,simplified_box,integrated_runtime
bh_souq_sign_panel_01,assets/environment/architecture/souq/bh_souq_sign_panel_01_lod0.glb,res://scenes/world.tscn,World/AssetLab/SouqDistrict,1,balanced,0,simplified_box,integrated_runtime
bh_waterfront_bench_01,assets/environment/architecture/waterfront/bh_waterfront_bench_01_lod0.glb,res://scenes/world.tscn,World/AssetLab/WaterfrontDistrict,1,balanced,0,simplified_box,integrated_runtime
bh_waterfront_cafe_terrace_01,assets/environment/architecture/waterfront/bh_waterfront_cafe_terrace_01_lod0.glb,res://scenes/world.tscn,World/AssetLab/WaterfrontDistrict,1,balanced,0,simplified_box,integrated_runtime
bh_waterfront_curve_15deg_01,assets/environment/architecture/waterfront/bh_waterfront_curve_15deg_01_lod0.glb,res://scenes/world.tscn,World/AssetLab/WaterfrontDistrict,1,balanced,0,simplified_box,integrated_runtime
bh_waterfront_curve_30deg_01,assets/environment/architecture/waterfront/bh_waterfront_curve_30deg_01_lod0.glb,res://scenes/world.tscn,World/AssetLab/WaterfrontDistrict,1,balanced,0,simplified_box,integrated_runtime
bh_waterfront_curve_45deg_01,assets/environment/architecture/waterfront/bh_waterfront_curve_45deg_01_lod0.glb,res://scenes/world.tscn,World/AssetLab/WaterfrontDistrict,1,balanced,0,simplified_box,integrated_runtime
bh_waterfront_hotel_dropoff_01,assets/environment/architecture/waterfront/bh_waterfront_hotel_dropoff_01_lod0.glb,res://scenes/world.tscn,World/AssetLab/WaterfrontDistrict,1,balanced,0,simplified_box,integrated_runtime
bh_waterfront_marina_edge_01,assets/environment/architecture/waterfront/bh_waterfront_marina_edge_01_lod0.glb,res://scenes/world.tscn,World/AssetLab/WaterfrontDistrict,1,balanced,0,simplified_box,integrated_runtime
bh_waterfront_palm_planter_01,assets/environment/architecture/waterfront/bh_waterfront_palm_planter_01_lod0.glb,res://scenes/world.tscn,World/AssetLab/WaterfrontDistrict,1,balanced,0,simplified_box,integrated_runtime
bh_waterfront_promenade_10m_01,assets/environment/architecture/waterfront/bh_waterfront_promenade_10m_01_lod0.glb,res://scenes/world.tscn,World/AssetLab/WaterfrontDistrict,1,balanced,0,simplified_box,integrated_runtime
bh_waterfront_promenade_20m_01,assets/environment/architecture/waterfront/bh_waterfront_promenade_20m_01_lod0.glb,res://scenes/world.tscn,World/AssetLab/WaterfrontDistrict,1,balanced,0,simplified_box,integrated_runtime
bh_waterfront_railing_01,assets/environment/architecture/waterfront/bh_waterfront_railing_01_lod0.glb,res://scenes/world.tscn,World/AssetLab/WaterfrontDistrict,1,balanced,0,simplified_box,integrated_runtime
bh_waterfront_skyline_silhouette_01,assets/environment/architecture/waterfront/bh_waterfront_skyline_silhouette_01_lod0.glb,res://scenes/world.tscn,World/AssetLab/WaterfrontDistrict,1,balanced,0,simplified_box,integrated_runtime
bh_waterfront_tower_a_01,assets/environment/architecture/waterfront/bh_waterfront_tower_a_01_lod0.glb,res://scenes/world.tscn,World/AssetLab/WaterfrontDistrict,1,balanced,0,simplified_box,integrated_runtime
bh_waterfront_tower_b_01,assets/environment/architecture/waterfront/bh_waterfront_tower_b_01_lod0.glb,res://scenes/world.tscn,World/AssetLab/WaterfrontDistrict,1,balanced,0,simplified_box,integrated_runtime
bh_waterfront_tower_c_01,assets/environment/architecture/waterfront/bh_waterfront_tower_c_01_lod0.glb,res://scenes/world.tscn,World/AssetLab/WaterfrontDistrict,1,balanced,0,simplified_box,integrated_runtime
bh_waterfront_water_stair_01,assets/environment/architecture/waterfront/bh_waterfront_water_stair_01_lod0.glb,res://scenes/world.tscn,World/AssetLab/WaterfrontDistrict,1,balanced,0,simplified_box,integrated_runtime
bh_drainage_channel_straight_4m_01,assets/environment/roads/bh_drainage_channel_straight_4m_01.glb,res://scenes/world.tscn,World/AssetLab/RoadNetwork,1,shared_mobile,0,simplified_box,integrated_runtime
bh_kerb_standard_straight_4m_01,assets/environment/roads/bh_kerb_standard_straight_4m_01.glb,res://scenes/world.tscn,World/AssetLab/RoadNetwork,1,shared_mobile,0,simplified_box,integrated_runtime
bh_road_crossing_zebra_8m_01,assets/environment/roads/bh_road_crossing_zebra_8m_01.glb,res://scenes/world.tscn,World/AssetLab/RoadNetwork,1,shared_mobile,0,simplified_box,integrated_runtime
bh_road_highway_curve_40m_01,assets/environment/roads/bh_road_highway_curve_40m_01.glb,res://scenes/world.tscn,World/AssetLab/RoadNetwork,1,shared_mobile,0,simplified_box,integrated_runtime
bh_road_highway_exit_40m_01,assets/environment/roads/bh_road_highway_exit_40m_01.glb,res://scenes/world.tscn,World/AssetLab/RoadNetwork,1,shared_mobile,0,simplified_box,integrated_runtime
bh_road_highway_six_lane_straight_40m_01,assets/environment/roads/bh_road_highway_six_lane_straight_40m_01.glb,res://scenes/world.tscn,World/AssetLab/RoadNetwork,1,shared_mobile,0,simplified_box,integrated_runtime
bh_road_highway_slip_road_30m_01,assets/environment/roads/bh_road_highway_slip_road_30m_01.glb,res://scenes/world.tscn,World/AssetLab/RoadNetwork,1,shared_mobile,0,simplified_box,integrated_runtime
bh_road_intersection_four_way_20m_01,assets/environment/roads/bh_road_intersection_four_way_20m_01.glb,res://scenes/world.tscn,World/AssetLab/RoadNetwork,1,shared_mobile,0,simplified_box,integrated_runtime
bh_road_intersection_t_20m_01,assets/environment/roads/bh_road_intersection_t_20m_01.glb,res://scenes/world.tscn,World/AssetLab/RoadNetwork,1,shared_mobile,0,simplified_box,integrated_runtime
bh_road_roundabout_compact_24m_01,assets/environment/roads/bh_road_roundabout_compact_24m_01.glb,res://scenes/world.tscn,World/AssetLab/RoadNetwork,1,shared_mobile,0,simplified_box,integrated_runtime
bh_road_two_lane_straight_20m_01,assets/environment/roads/bh_road_two_lane_straight_20m_01.glb,res://scenes/world.tscn,World/AssetLab/RoadNetwork,1,shared_mobile,0,simplified_box,integrated_runtime
bh_sidewalk_commercial_straight_4m_01,assets/environment/roads/bh_sidewalk_commercial_straight_4m_01.glb,res://scenes/world.tscn,World/AssetLab/RoadNetwork,1,shared_mobile,0,simplified_box,integrated_runtime
bh_sidewalk_driveway_cut_4m_01,assets/environment/roads/bh_sidewalk_driveway_cut_4m_01.glb,res://scenes/world.tscn,World/AssetLab/RoadNetwork,1,shared_mobile,0,simplified_box,integrated_runtime
bh_prop_bus_shelter_a_01,assets/props/street/bh_prop_bus_shelter_a_01.glb,res://scenes/world.tscn,World/AssetLab/StreetPropSpawner,1,shared_mobile,0,simplified_box,integrated_runtime
bh_prop_crash_barrier_4m_01,assets/props/street/bh_prop_crash_barrier_4m_01.glb,res://scenes/world.tscn,World/AssetLab/StreetPropSpawner,1,shared_mobile,0,simplified_box,integrated_runtime
bh_prop_direction_sign_frame_a_01,assets/props/street/bh_prop_direction_sign_frame_a_01.glb,res://scenes/world.tscn,World/AssetLab/StreetPropSpawner,1,shared_mobile,0,simplified_box,integrated_runtime
bh_prop_street_bollard_a_01,assets/props/street/bh_prop_street_bollard_a_01.glb,res://scenes/world.tscn,World/AssetLab/StreetPropSpawner,1,shared_mobile,0,simplified_box,integrated_runtime
bh_prop_streetlamp_prom_a_01,assets/props/street/bh_prop_streetlamp_prom_a_01.glb,res://scenes/world.tscn,World/AssetLab/StreetPropSpawner,1,shared_mobile,0,simplified_box,integrated_runtime
bh_prop_traffic_signal_a_01,assets/props/street/bh_prop_traffic_signal_a_01.glb,res://scenes/world.tscn,World/AssetLab/StreetPropSpawner,1,shared_mobile,0,simplified_box,integrated_runtime
bh_cafe_storefront_karak_a_01,assets/environment/architecture/commercial/bh_cafe_storefront_karak_a_01.glb,res://scenes/world.tscn,World/AssetLab/CommercialDistrict,1,shared_mobile,0,simplified_box,integrated_runtime
bh_cafe_table_chair_set_a_01,assets/environment/architecture/commercial/bh_cafe_table_chair_set_a_01.glb,res://scenes/world.tscn,World/AssetLab/CommercialDistrict,1,shared_mobile,0,simplified_box,integrated_runtime
bh_prop_supermarket_checkout_a_01,assets/environment/architecture/commercial/bh_prop_supermarket_checkout_a_01.glb,res://scenes/world.tscn,World/AssetLab/CommercialDistrict,1,shared_mobile,0,simplified_box,integrated_runtime
bh_supermarket_shelf_1m_01,assets/environment/architecture/commercial/bh_supermarket_shelf_1m_01.glb,res://scenes/world.tscn,World/AssetLab/CommercialDistrict,1,shared_mobile,0,simplified_box,integrated_runtime
bh_supermarket_storefront_a_01,assets/environment/architecture/commercial/bh_supermarket_storefront_a_01.glb,res://scenes/world.tscn,World/AssetLab/CommercialDistrict,1,shared_mobile,0,simplified_box,integrated_runtime
